{
  "decimals": 18,
  "airdrop": {
    "0x022Ce4715b44EF6F0eAd8561B29dA676928D16f3": 74.22141836,
    "0x02A4496aFD423B2B36a34D7F6E918e71Ca88898B": 233.9150235
  }
}
