{
  "decimals": 18,
  "airdrop": {
    "0x022Ce4715b44EF6F0eAd8561B29dA676928D16f3": 74.22141836,
    "0x02A4496aFD423B2B36a34D7F6E918e71Ca88898B": 233.9150235,
    "0x106E7ECA4A0DAc78EadfaB1FeA20336290694139": 1000,
    "0x3ac08c06373fd0f487e4826dcd55980930fc0645": 1337,
    "0x212d6d36440524b6A405D2B3984C15bBd3EBEFB3": 777,
    "0x3c1F2E6Ec3De7811E2daa2B8E132CdCd8e39851c": 1000
  }
}
